fulcrum_id,created_at,updated_at,created_by,updated_by,system_created_at,system_updated_at,version,status,project,assigned_to,latitude,longitude,geometry,pruebas_fat,date,revision,documento,codigo_documento,activo_mc30,tipo_de_equipo,dispositivo_hardware,marca_y_modelo,capitulo_ppt,referencia_presupuesto,n_de_serie,mac,ip,version_equipo,version_fw,marcado_ce,marcado_ce_caption,marcado_ce_url,comprobacion_visual_del_material_acopiado_fat,observaciones_visual,comprobacion_de_conexion_a_la_red_electrica_fat,observaciones_red_electrica,comprobacion_de_la_comunicacion_en_red_fat,observaciones_link_ethernet,comprobacion_del_canal_hdmi_fat,observaciones_canal_hdmi,comprobacion_del_canal_dp_fat,observaciones_canal_dp,foto_prueba,foto_prueba_caption,foto_prueba_url,observaciones_fat,conclusion,observaciones2,foto_del_elemento,foto_del_elemento_caption,foto_del_elemento_url,nombre_tecnico_sice,firma_especialista,firma_especialista_timestamp,firma_especialista_url,nombre_asistencia_tecnica,firma_asistencia_tecnica,firma_asistencia_tecnica_timestamp,firma_asistencia_tecnica_url,nombre_asistencia_tcnica2,firma_asistenciatecnica2,firma_asistenciatecnica2_timestamp,firma_asistenciatecnica2_url,nombre_servicio_de_explotacion,nombre_servicio_de_explotacion_other,firma_servicio_de_explotacion,firma_servicio_de_explotacion_timestamp,firma_servicio_de_explotacion_url,nombre_direccion_obra,nombre_direccion_obra_other,firma_direccion_obra,firma_direccion_obra_timestamp,firma_direccion_obra_url
df5942ce-8a36-438c-b0a2-57470de53053,2021-11-26 09:45:02 UTC,2022-01-19 15:43:56 UTC,zbarcenilla@alaudaingenieria.es,zbarcenilla@alaudaingenieria.es,2021-11-26 10:09:10 UTC,2022-01-19 15:49:10 UTC,2,,,,,,POINT (0.0 0.0),Decodificador de Video HD y SD,2021-11-26,V01,PROTOCOLO PRUEBA FAT,ATC_FAT_CPD_004_V01,CCCMAW04,Nivel 3 → Hardware control sistemas,Decodificador de vídeo HD y SD,BOSCH VIDEOJET 7000 VJD-7513 ,2.3.2.5 ,piGC23205,4045715117728120045,00:07:5F:C9:08:02,10.3.0.50,F10099040,9.51.0072,c402943d-9d12-4621-8371-9e49e06e782d,,https://web.fulcrumapp.com/photos/view?photos=c402943d-9d12-4621-8371-9e49e06e782d,SI,,SI,,SI,,SI,,SI,,"b65aef9d-2d40-4b82-92cf-24d22518c68d,98e6412b-9d6b-4ea3-a0b7-83c6cd05dbdf,04a382a3-62ff-4275-a0ba-7276b136e977,b27d69cd-c209-4724-ae45-421f07ba0249",",,,",https://web.fulcrumapp.com/photos/view?photos=b65aef9d-2d40-4b82-92cf-24d22518c68d%2C98e6412b-9d6b-4ea3-a0b7-83c6cd05dbdf%2C04a382a3-62ff-4275-a0ba-7276b136e977%2Cb27d69cd-c209-4724-ae45-421f07ba0249,,APROBADO,,5934c798-7fb2-41cd-936c-243f1091d5bc,,https://web.fulcrumapp.com/photos/view?photos=5934c798-7fb2-41cd-936c-243f1091d5bc,Adrián Vicente,1f3e6108-5931-44f7-9e92-e6c603908bc3,2021-11-26T10:05:42Z,https://web.fulcrumapp.com/signatures/view?signatures=1f3e6108-5931-44f7-9e92-e6c603908bc3,,91b4b6ac-b0c9-41f7-9bd7-98f875741d17,2021-11-26T09:56:03Z,https://web.fulcrumapp.com/signatures/view?signatures=91b4b6ac-b0c9-41f7-9bd7-98f875741d17,,0b8d0c23-7b18-4cb2-a6d1-a42a31c3bb8b,2021-11-26T10:05:56Z,https://web.fulcrumapp.com/signatures/view?signatures=0b8d0c23-7b18-4cb2-a6d1-a42a31c3bb8b,,,,,,,,,,
b21ed978-80fc-40ee-9ab2-d5e0be9786c2,2021-11-26 10:10:25 UTC,2022-01-19 15:44:04 UTC,zbarcenilla@alaudaingenieria.es,zbarcenilla@alaudaingenieria.es,2021-11-26 11:57:32 UTC,2022-01-19 15:49:10 UTC,2,,,,,,POINT (0.0 0.0),Decodificador de Video HD y SD,2021-11-26,V01,PROTOCOLO PRUEBA FAT,ATC_FAT_CPD_007_V01,CCCMAW07,Nivel 3 → Hardware control sistemas,Decodificador de vídeo HD y SD,BOSCH VIDEOJET 7000 VJD-7513 ,2.3.2.5 ,piGC23205,404571517729120019,00:07:5F:D1:0C:AF,10.3.0.53,F1009040,9.51.0072,980baba1-89f3-48ae-8512-fb204f2933a6,,https://web.fulcrumapp.com/photos/view?photos=980baba1-89f3-48ae-8512-fb204f2933a6,SI,,SI,,SI,,SI,,SI,,"9fb936fd-df51-44a6-b16d-59fee354be19,9b64d67b-4f86-4526-b040-7681b09cec14",",",https://web.fulcrumapp.com/photos/view?photos=9fb936fd-df51-44a6-b16d-59fee354be19%2C9b64d67b-4f86-4526-b040-7681b09cec14,,APROBADO,,9261dfd9-d962-4ea7-b8e8-ce6827533a0e,,https://web.fulcrumapp.com/photos/view?photos=9261dfd9-d962-4ea7-b8e8-ce6827533a0e,Adrián Vicente,abd04d62-bde5-40d8-80bb-71684f44f8cd,2021-11-26T10:19:34Z,https://web.fulcrumapp.com/signatures/view?signatures=abd04d62-bde5-40d8-80bb-71684f44f8cd,,f74a3fcd-2865-4d2e-9d68-695a0bcf9939,2021-11-26T10:19:43Z,https://web.fulcrumapp.com/signatures/view?signatures=f74a3fcd-2865-4d2e-9d68-695a0bcf9939,,7e7d1913-22ec-468f-ba49-80e80d71c735,2021-11-26T10:19:52Z,https://web.fulcrumapp.com/signatures/view?signatures=7e7d1913-22ec-468f-ba49-80e80d71c735,,,,,,,,,,
b1a1a879-dbd1-4d51-a775-3d14aa958a05,2021-11-26 10:20:05 UTC,2022-01-19 15:47:32 UTC,zbarcenilla@alaudaingenieria.es,zbarcenilla@alaudaingenieria.es,2021-11-26 11:57:34 UTC,2022-01-19 15:49:11 UTC,3,,,,,,POINT (0.0 0.0),Decodificador de Video HD y SD,2021-11-26,V01,PROTOCOLO PRUEBA FAT,ATC_FAT_CPD_001_V01,CCCMAW01,Nivel 3 → Hardware control sistemas,Decodificador de vídeo HD y SD,BOSCH VIDEOJET 7000 VJD-7513 ,2.3.2.5 ,piGC23205,404571517723120037,00:07:5F:C9:08:67,10.3.0.47,F1009040,9.51.0072,eabe1abc-eeeb-4b16-bee1-9d04cc66bdc6,,https://web.fulcrumapp.com/photos/view?photos=eabe1abc-eeeb-4b16-bee1-9d04cc66bdc6,SI,,SI,,SI,,SI,,SI,,"0bea30e9-c81e-4eed-a3f0-81a3972e6797,e07fb4d3-1f23-497c-98b6-e9dd1b88594a,3dea340c-1c73-448c-a76d-b2097e9d43a6,a12a3f81-f534-43a1-8d05-787eff147be4",",,,",https://web.fulcrumapp.com/photos/view?photos=0bea30e9-c81e-4eed-a3f0-81a3972e6797%2Ce07fb4d3-1f23-497c-98b6-e9dd1b88594a%2C3dea340c-1c73-448c-a76d-b2097e9d43a6%2Ca12a3f81-f534-43a1-8d05-787eff147be4,,APROBADO,,5da3ad9e-4762-4d42-9bd2-ebab389eb110,,https://web.fulcrumapp.com/photos/view?photos=5da3ad9e-4762-4d42-9bd2-ebab389eb110,Adrián Vicente,ca348ff2-19cc-4675-9d3a-9699d82afe17,2021-11-26T10:26:47Z,https://web.fulcrumapp.com/signatures/view?signatures=ca348ff2-19cc-4675-9d3a-9699d82afe17,,debb8d45-b784-4bb5-a172-25c7de2dedd1,2021-11-26T10:26:53Z,https://web.fulcrumapp.com/signatures/view?signatures=debb8d45-b784-4bb5-a172-25c7de2dedd1,,c00ca17f-a816-487b-8598-94375baa38e5,2021-11-26T10:27:02Z,https://web.fulcrumapp.com/signatures/view?signatures=c00ca17f-a816-487b-8598-94375baa38e5,,,c26c4d49-434e-4b75-93ec-dfd792d2abaa,2021-12-13T09:59:09Z,https://web.fulcrumapp.com/signatures/view?signatures=c26c4d49-434e-4b75-93ec-dfd792d2abaa,,,,,
4e9644bd-7042-4b36-8b51-6e183d623762,2021-11-26 10:27:17 UTC,2022-01-19 15:44:20 UTC,zbarcenilla@alaudaingenieria.es,zbarcenilla@alaudaingenieria.es,2021-11-26 11:57:34 UTC,2022-01-19 15:49:11 UTC,2,,,,,,POINT (0.0 0.0),Decodificador de Video HD y SD,2021-11-26,V01,PROTOCOLO PRUEBA FAT,ATC_FAT_CPD_002_V01,CCCMAW02,Nivel 3 → Hardware control sistemas,Decodificador de vídeo HD y SD,BOSCH VIDEOJET 7000 VJD-7513 ,2.3.2.5 ,piGC23205,404571517729120003,00:07:5F:D1:0C:E6,10.3.0.48,F1009040,9.51.0072,6de58935-cf80-4741-9a63-68186aa24bcf,,https://web.fulcrumapp.com/photos/view?photos=6de58935-cf80-4741-9a63-68186aa24bcf,SI,,SI,,SI,,SI,,SI,,"9da716d7-c969-4ab3-b041-5a1a0300bb1f,f0eac410-f86c-4594-9b74-0d3fedc5d2ac,cbad30e4-2fe5-43e6-9e91-97b65a4a1f69",",,",https://web.fulcrumapp.com/photos/view?photos=9da716d7-c969-4ab3-b041-5a1a0300bb1f%2Cf0eac410-f86c-4594-9b74-0d3fedc5d2ac%2Ccbad30e4-2fe5-43e6-9e91-97b65a4a1f69,,APROBADO,,017a6835-417a-4a2f-9850-5df5a39f8ef5,,https://web.fulcrumapp.com/photos/view?photos=017a6835-417a-4a2f-9850-5df5a39f8ef5,Adrián Vicente,992502e2-1f8f-43ba-88fd-1843cda6b7e0,2021-11-26T10:32:02Z,https://web.fulcrumapp.com/signatures/view?signatures=992502e2-1f8f-43ba-88fd-1843cda6b7e0,,67d5400f-be2a-465b-aa69-30bf0779e897,2021-11-26T10:32:08Z,https://web.fulcrumapp.com/signatures/view?signatures=67d5400f-be2a-465b-aa69-30bf0779e897,,4d3707de-1e40-4e0a-9d7d-ca34ab0b2074,2021-11-26T10:32:16Z,https://web.fulcrumapp.com/signatures/view?signatures=4d3707de-1e40-4e0a-9d7d-ca34ab0b2074,,,,,,,,,,
7d394ca3-bb36-42c9-95cd-596704a7db1e,2021-11-26 10:33:05 UTC,2022-01-19 15:45:06 UTC,zbarcenilla@alaudaingenieria.es,zbarcenilla@alaudaingenieria.es,2021-11-26 11:57:35 UTC,2022-01-19 15:49:12 UTC,2,,,,,,POINT (0.0 0.0),Decodificador de Video HD y SD,2021-11-26,V01,PROTOCOLO PRUEBA FAT,ATC_FAT_CPD_003_V01,CCCMAW03,Nivel 3 → Hardware control sistemas,Decodificador de vídeo HD y SD,BOSCH VIDEOJET 7000 VJD-7513 ,2.3.2.5 ,piGC23205,404571517727120044,00:07:5F:C9:06:84,10.3.0.49,F1009040,9.51.0072,d7a1e3a7-b799-49fc-bad8-d6ad17172c18,,https://web.fulcrumapp.com/photos/view?photos=d7a1e3a7-b799-49fc-bad8-d6ad17172c18,SI,,SI,,SI,,NO,No funciona correctamente,NO,No funciona correctamente,"050c6cdc-6c12-41ff-8857-6c9c73144fda,bf74fcae-66ad-4a08-8e93-17ab8f5f7f35,678148bd-bc72-47b9-93fb-a3310a4bde10,b1cb9262-81d3-432e-b5ee-7837d713a0ce",",,,",https://web.fulcrumapp.com/photos/view?photos=050c6cdc-6c12-41ff-8857-6c9c73144fda%2Cbf74fcae-66ad-4a08-8e93-17ab8f5f7f35%2C678148bd-bc72-47b9-93fb-a3310a4bde10%2Cb1cb9262-81d3-432e-b5ee-7837d713a0ce,Verificar en SAT la prueba HDMI al tener que cambiar el cable en la prueba FAT al tener ruido en la señal,Aprobación parcial,Comprobar en SAT el HDMI,7d31aa66-2b51-4b3c-91a9-cb800df1c7d7,,https://web.fulcrumapp.com/photos/view?photos=7d31aa66-2b51-4b3c-91a9-cb800df1c7d7,Adrián Vicente,2a0c3f65-625a-4fe6-a248-0277733cd00d,2021-11-26T10:44:38Z,https://web.fulcrumapp.com/signatures/view?signatures=2a0c3f65-625a-4fe6-a248-0277733cd00d,,7a61d462-afe4-4412-98b1-c3849257fc92,2021-11-26T10:44:44Z,https://web.fulcrumapp.com/signatures/view?signatures=7a61d462-afe4-4412-98b1-c3849257fc92,,5b5356b5-61de-4669-8e50-70eb32d3f3d8,2021-11-26T10:44:58Z,https://web.fulcrumapp.com/signatures/view?signatures=5b5356b5-61de-4669-8e50-70eb32d3f3d8,,,,,,,,,,
6061b9e5-703d-4f73-8edb-e1d11934836c,2021-11-26 10:45:06 UTC,2022-01-19 15:45:14 UTC,zbarcenilla@alaudaingenieria.es,zbarcenilla@alaudaingenieria.es,2021-11-26 11:57:36 UTC,2022-01-19 15:49:12 UTC,2,,,,,,POINT (0.0 0.0),Decodificador de Video HD y SD,2021-11-26,V01,PROTOCOLO PRUEBA FAT,ATC_FAT_CPD_005_V01,CCCMAW05,Nivel 3 → Hardware control sistemas,Decodificador de vídeo HD y SD,BOSCH VIDEOJET 7000 VJD-7513 ,2.3.2.5 ,piGC23205,404571517727120026,00:07:5F:C9:05:F0,10.3.0.51,F1009040,9.51.0072,29d17a8b-96c1-47ca-af1e-b171942d8c34,,https://web.fulcrumapp.com/photos/view?photos=29d17a8b-96c1-47ca-af1e-b171942d8c34,SI,,SI,,SI,,SI,,SI,,"8409ddcb-9154-4516-b339-2be01c65f89b,839246a9-2f64-4a38-934e-7558bed42c62,16e41f14-3a84-446c-b2c4-68a156ea934e,8ade500d-b375-470e-b16d-f32e02c76886",",,,",https://web.fulcrumapp.com/photos/view?photos=8409ddcb-9154-4516-b339-2be01c65f89b%2C839246a9-2f64-4a38-934e-7558bed42c62%2C16e41f14-3a84-446c-b2c4-68a156ea934e%2C8ade500d-b375-470e-b16d-f32e02c76886,,APROBADO,,242047e1-7c26-48c5-8d51-0a66e86ac142,,https://web.fulcrumapp.com/photos/view?photos=242047e1-7c26-48c5-8d51-0a66e86ac142,Adrián Vicente,8f6c0c72-3b62-484f-a104-358ca06eb410,2021-11-26T10:49:57Z,https://web.fulcrumapp.com/signatures/view?signatures=8f6c0c72-3b62-484f-a104-358ca06eb410,,8a05b516-02b0-4f54-b690-c0c60a7b025f,2021-11-26T10:48:22Z,https://web.fulcrumapp.com/signatures/view?signatures=8a05b516-02b0-4f54-b690-c0c60a7b025f,,27422ccb-555e-49f5-84e5-3c25c8bcc581,2021-11-26T10:48:31Z,https://web.fulcrumapp.com/signatures/view?signatures=27422ccb-555e-49f5-84e5-3c25c8bcc581,,,,,,,,,,
69875a51-191d-49a4-a84f-c155215cfe29,2021-11-26 10:50:08 UTC,2022-01-19 15:45:23 UTC,zbarcenilla@alaudaingenieria.es,zbarcenilla@alaudaingenieria.es,2021-11-26 11:57:37 UTC,2022-01-19 15:49:12 UTC,2,,,,,,POINT (0.0 0.0),Decodificador de Video HD y SD,2021-11-26,V01,PROTOCOLO PRUEBA FAT,ATC_FAT_CPD_006_V01,CCCMAW06,Nivel 3 → Hardware control sistemas,Decodificador de vídeo HD y SD,BOSCH VIDEOJET 7000 VJD-7513 ,2.3.2.5 ,piGC23205,404571517728120021,00:07:5F:C9:07:14,10.3.0.52,F1009040,9.51.0072,5149dd9a-88ef-40a5-8c5e-9cd3411450d8,,https://web.fulcrumapp.com/photos/view?photos=5149dd9a-88ef-40a5-8c5e-9cd3411450d8,SI,,SI,,SI,,SI,,SI,,"6ac82f67-1202-4df3-aa0a-c65bca692716,d9a53a48-8ec6-4a70-8aa5-3d8ceb35a0a3,96a168fe-023e-40de-8e36-b895236d1bc4,2fde8a96-8f23-454e-bc06-a3bdccba4625",",,,",https://web.fulcrumapp.com/photos/view?photos=6ac82f67-1202-4df3-aa0a-c65bca692716%2Cd9a53a48-8ec6-4a70-8aa5-3d8ceb35a0a3%2C96a168fe-023e-40de-8e36-b895236d1bc4%2C2fde8a96-8f23-454e-bc06-a3bdccba4625,,APROBADO,,43660063-adcb-442a-b2fc-84181a744511,,https://web.fulcrumapp.com/photos/view?photos=43660063-adcb-442a-b2fc-84181a744511,Adrián Vicente,cc3d2911-ce3d-4179-bc98-37c2388b46ee,2021-11-26T10:54:28Z,https://web.fulcrumapp.com/signatures/view?signatures=cc3d2911-ce3d-4179-bc98-37c2388b46ee,,632e1b30-f13d-4ee4-8bf5-4bb220db8dab,2021-11-26T10:54:04Z,https://web.fulcrumapp.com/signatures/view?signatures=632e1b30-f13d-4ee4-8bf5-4bb220db8dab,,744cf4b3-bdf2-4c12-afee-b21c0909d175,2021-11-26T10:54:13Z,https://web.fulcrumapp.com/signatures/view?signatures=744cf4b3-bdf2-4c12-afee-b21c0909d175,,,,,,,,,,
4034ce2b-a5df-4b33-9fe4-8b66e259a7ae,2021-11-26 10:55:24 UTC,2022-01-19 15:45:32 UTC,zbarcenilla@alaudaingenieria.es,zbarcenilla@alaudaingenieria.es,2021-11-26 11:57:38 UTC,2022-01-19 15:49:13 UTC,2,,,,,,POINT (0.0 0.0),Decodificador de Video HD y SD,2021-11-26,V01,PROTOCOLO PRUEBA FAT,ATC_FAT_CPD_008_V01,CCCMAW08,Nivel 3 → Hardware control sistemas,Decodificador de vídeo HD y SD,BOSCH VIDEOJET 7000 VJD-7513 ,2.3.2.5 ,piGC23205,404571517727120019,00:07:5F:C9:01:EA,10.3.0.54,F1009040,9.51.0072,956e6773-3369-4f22-8bd8-9567ff8c5744,,https://web.fulcrumapp.com/photos/view?photos=956e6773-3369-4f22-8bd8-9567ff8c5744,SI,,SI,,SI,,SI,,SI,,"4cb93abf-a319-4a50-bd6b-5d32d8e9909e,76b14cb0-4d11-4791-beb7-78767442c5e8,ffad9a16-24fb-4c0d-8154-f329d529c4df,e10be352-9031-4e5d-b97a-7414a7cae79c",",,,",https://web.fulcrumapp.com/photos/view?photos=4cb93abf-a319-4a50-bd6b-5d32d8e9909e%2C76b14cb0-4d11-4791-beb7-78767442c5e8%2Cffad9a16-24fb-4c0d-8154-f329d529c4df%2Ce10be352-9031-4e5d-b97a-7414a7cae79c,,APROBADO,,"2c7b90f9-394f-45c3-893e-e79f3febae92,ddabce40-70b4-481f-992a-b85ea5e1b65e",",",https://web.fulcrumapp.com/photos/view?photos=2c7b90f9-394f-45c3-893e-e79f3febae92%2Cddabce40-70b4-481f-992a-b85ea5e1b65e,Adrián Vicente,1555f7bc-ec85-482b-99db-cc5faedf0fb6,2021-11-26T11:34:16Z,https://web.fulcrumapp.com/signatures/view?signatures=1555f7bc-ec85-482b-99db-cc5faedf0fb6,,df372fd6-8695-4245-85d1-fe37c92b5460,2021-11-26T11:20:45Z,https://web.fulcrumapp.com/signatures/view?signatures=df372fd6-8695-4245-85d1-fe37c92b5460,,e1cb32c7-6172-4d6a-8a4a-0e5366c2ca08,2021-11-26T11:20:56Z,https://web.fulcrumapp.com/signatures/view?signatures=e1cb32c7-6172-4d6a-8a4a-0e5366c2ca08,,,,,,,,,,
70d4ae93-030f-4889-9636-27cba2b80e76,2021-11-26 10:57:40 UTC,2022-01-19 15:45:43 UTC,zbarcenilla@alaudaingenieria.es,zbarcenilla@alaudaingenieria.es,2021-11-26 11:57:39 UTC,2022-01-19 15:49:13 UTC,2,,,,,,POINT (0.0 0.0),Decodificador de Video HD y SD,2021-11-26,V01,PROTOCOLO PRUEBA FAT,ATC_FAT_CPD_009_V01,CCCMAW09,Nivel 3 → Hardware control sistemas,Decodificador de vídeo HD y SD,BOSCH VIDEOJET 7000 VJD-7513 ,2.3.2.5 ,piGC23205,404571517727120043,00:07:5F:C9:06:49,10.3.0.55,F1009040,9.51.0072,4e70b4bf-65f2-4ce6-bfa8-9e695cbfc401,,https://web.fulcrumapp.com/photos/view?photos=4e70b4bf-65f2-4ce6-bfa8-9e695cbfc401,SI,,SI,,SI,,SI,,SI,,"24d5655d-d623-4b5f-9320-33b8678810b2,88654957-7fc6-43fa-8c6b-6a54d4c38be6,bdde67fb-0eda-464f-a31a-146479a37952,83f6ec08-6c5f-40b7-b01f-382474078f85",",,,",https://web.fulcrumapp.com/photos/view?photos=24d5655d-d623-4b5f-9320-33b8678810b2%2C88654957-7fc6-43fa-8c6b-6a54d4c38be6%2Cbdde67fb-0eda-464f-a31a-146479a37952%2C83f6ec08-6c5f-40b7-b01f-382474078f85,,APROBADO,,ae285b69-3198-4cde-b87b-59f8aaaf9e34,,https://web.fulcrumapp.com/photos/view?photos=ae285b69-3198-4cde-b87b-59f8aaaf9e34,Adrián Vicente,a79cdb99-ff30-447e-a3df-416ccd18f9d1,2021-11-26T11:41:23Z,https://web.fulcrumapp.com/signatures/view?signatures=a79cdb99-ff30-447e-a3df-416ccd18f9d1,,2e15a110-f67e-4798-bdee-7596cf5bbf22,2021-11-26T11:35:04Z,https://web.fulcrumapp.com/signatures/view?signatures=2e15a110-f67e-4798-bdee-7596cf5bbf22,,a8d6049b-bc84-4601-97f1-609bb196e6d3,2021-11-26T11:35:19Z,https://web.fulcrumapp.com/signatures/view?signatures=a8d6049b-bc84-4601-97f1-609bb196e6d3,,,,,,,,,,
c4173acc-7d0e-43cc-9c82-cfea1e3b0cbd,2021-11-26 10:59:39 UTC,2022-01-19 15:45:50 UTC,zbarcenilla@alaudaingenieria.es,zbarcenilla@alaudaingenieria.es,2021-11-26 11:57:40 UTC,2022-01-19 15:49:14 UTC,2,,,,,,POINT (0.0 0.0),Decodificador de Video HD y SD,2021-11-26,V01,PROTOCOLO PRUEBA FAT,ATC_FAT_CPD_010_V01,CCCMAW10,Nivel 3 → Hardware control sistemas,Decodificador de vídeo HD y SD,BOSCH VIDEOJET 7000 VJD-7513 ,2.3.2.5 ,piGC23205,404571517728120063,00:07:5F:C9:07:CF,10.3.0.56,F1009040,9.51.0072,87432b09-a226-4738-8b54-5140b0b5a70a,,https://web.fulcrumapp.com/photos/view?photos=87432b09-a226-4738-8b54-5140b0b5a70a,SI,,SI,,SI,,SI,,SI,,"6c72c775-7f46-4200-b777-e0d484df54bb,c0e9f07d-efad-4108-b1c1-5d5bd1c86542,ea2c9dc3-3cfe-4c1a-8cb6-5ab8779c38bd",",,",https://web.fulcrumapp.com/photos/view?photos=6c72c775-7f46-4200-b777-e0d484df54bb%2Cc0e9f07d-efad-4108-b1c1-5d5bd1c86542%2Cea2c9dc3-3cfe-4c1a-8cb6-5ab8779c38bd,,APROBADO,,a36411fe-53dc-48ac-9307-92a6ce8fc77e,,https://web.fulcrumapp.com/photos/view?photos=a36411fe-53dc-48ac-9307-92a6ce8fc77e,Adrián Vicente,83f36844-c6f7-4408-b61c-7ce6157abb3e,2021-11-26T11:49:09Z,https://web.fulcrumapp.com/signatures/view?signatures=83f36844-c6f7-4408-b61c-7ce6157abb3e,,fd07a89c-63cd-41b1-b8a8-b2502ef9f4fe,2021-11-26T11:45:16Z,https://web.fulcrumapp.com/signatures/view?signatures=fd07a89c-63cd-41b1-b8a8-b2502ef9f4fe,,7f3fdd4f-e7c1-411a-825c-447ff3cee2bd,2021-11-26T11:45:29Z,https://web.fulcrumapp.com/signatures/view?signatures=7f3fdd4f-e7c1-411a-825c-447ff3cee2bd,,,,,,,,,,
7405f778-5d1f-448c-9aa8-33883bc81270,2021-11-26 11:01:50 UTC,2022-01-19 15:45:57 UTC,zbarcenilla@alaudaingenieria.es,zbarcenilla@alaudaingenieria.es,2021-11-26 11:57:41 UTC,2022-01-19 15:49:14 UTC,3,,,,,,POINT (0.0 0.0),Decodificador de Video HD y SD,2021-11-26,V01,PROTOCOLO PRUEBA FAT,ATC_FAT_CPD_011_V01,CCCMAW11,Nivel 3 → Hardware control sistemas,Decodificador de vídeo HD y SD,BOSCH VIDEOJET 7000 VJD-7513 ,2.3.2.5 ,piGC23205,404571517728120040,00:07:5F:C9:07:4B,10.3.0.64,F1009040,9.51.0072,57b369da-c1d8-4693-9e4d-54b7d3e6b420,,https://web.fulcrumapp.com/photos/view?photos=57b369da-c1d8-4693-9e4d-54b7d3e6b420,SI,,SI,,SI,,SI,,SI,,"76c498ab-f23e-4ded-8ef9-aa710264022f,0ee4c20f-30c0-45fb-92c2-6381e27cf33e,8d11a96d-2c3b-4748-b2a1-977e8f0fad60",",,",https://web.fulcrumapp.com/photos/view?photos=76c498ab-f23e-4ded-8ef9-aa710264022f%2C0ee4c20f-30c0-45fb-92c2-6381e27cf33e%2C8d11a96d-2c3b-4748-b2a1-977e8f0fad60,,APROBADO,,fb1d770d-bbb7-4e9f-beed-5fa286a74da4,,https://web.fulcrumapp.com/photos/view?photos=fb1d770d-bbb7-4e9f-beed-5fa286a74da4,Adrián Vicente,b834ecc4-7231-42e9-bacf-9b7df2bef6c1,2021-11-26T12:00:02Z,https://web.fulcrumapp.com/signatures/view?signatures=b834ecc4-7231-42e9-bacf-9b7df2bef6c1,,6dcf8a14-e30c-45a5-9f92-636bf4820d96,2021-11-26T12:00:08Z,https://web.fulcrumapp.com/signatures/view?signatures=6dcf8a14-e30c-45a5-9f92-636bf4820d96,,ec9de36f-afb5-43ef-a7f1-3eecc2427a63,2021-11-26T12:00:18Z,https://web.fulcrumapp.com/signatures/view?signatures=ec9de36f-afb5-43ef-a7f1-3eecc2427a63,,,,,,,,,,
c88106b2-84ce-4983-a6a6-b6d558a85246,2021-11-26 11:03:51 UTC,2022-01-19 15:46:04 UTC,zbarcenilla@alaudaingenieria.es,zbarcenilla@alaudaingenieria.es,2021-11-26 11:57:41 UTC,2022-01-19 15:49:15 UTC,3,,,,,,POINT (0.0 0.0),Decodificador de Video HD y SD,2021-11-26,V01,PROTOCOLO PRUEBA FAT,ATC_FAT_CPD_012_V01,CCCMAW12,Nivel 3 → Hardware control sistemas,Decodificador de vídeo HD y SD,BOSCH VIDEOJET 7000 VJD-7513 ,2.3.2.5 ,piGC23205,404571517728120026,00:07:5F:C9:08:AD,10.3.0.65,F1009040,9.51.0072,18cf2f0f-fd8e-4cab-8d92-e303b01f1162,,https://web.fulcrumapp.com/photos/view?photos=18cf2f0f-fd8e-4cab-8d92-e303b01f1162,SI,,SI,,SI,,SI,,SI,,"a8681946-1813-4589-9dee-88b20ba8a6ef,89922482-713d-4787-9936-61b4726896fc,2434185c-4d7c-49fb-ad20-0be9307b0504",",,",https://web.fulcrumapp.com/photos/view?photos=a8681946-1813-4589-9dee-88b20ba8a6ef%2C89922482-713d-4787-9936-61b4726896fc%2C2434185c-4d7c-49fb-ad20-0be9307b0504,,APROBADO,,e35f8f66-c7d3-4b5f-829e-a866bce88f7a,,https://web.fulcrumapp.com/photos/view?photos=e35f8f66-c7d3-4b5f-829e-a866bce88f7a,Adrián Vicente,33420b25-aa95-4a9a-820a-bc5fa74515fe,2021-11-26T12:06:40Z,https://web.fulcrumapp.com/signatures/view?signatures=33420b25-aa95-4a9a-820a-bc5fa74515fe,,a507171b-292c-412b-8c06-083bf3102151,2021-11-26T12:03:49Z,https://web.fulcrumapp.com/signatures/view?signatures=a507171b-292c-412b-8c06-083bf3102151,,01b38848-b8cc-4384-842b-c46b686e3dd0,2021-11-26T12:04:00Z,https://web.fulcrumapp.com/signatures/view?signatures=01b38848-b8cc-4384-842b-c46b686e3dd0,,,,,,,,,,
6b6a1dab-1497-48da-a088-001d246685ab,2021-11-26 11:05:33 UTC,2022-01-19 15:46:11 UTC,zbarcenilla@alaudaingenieria.es,zbarcenilla@alaudaingenieria.es,2021-11-26 11:57:42 UTC,2022-01-19 15:49:15 UTC,3,,,,,,POINT (0.0 0.0),Decodificador de Video HD y SD,2021-11-26,V01,PROTOCOLO PRUEBA FAT,ATC_FAT_CPD_013_V01,CCCMAW13,Nivel 3 → Hardware control sistemas,Decodificador de vídeo HD y SD,BOSCH VIDEOJET 7000 VJD-7513 ,2.3.2.5 ,piGC23205,404571517728120044,00:07:5F:C9:08:94,10.3.0.66,F1009040,9.51.0072,bf8a6439-a236-41a9-9280-e8a6e40492e3,,https://web.fulcrumapp.com/photos/view?photos=bf8a6439-a236-41a9-9280-e8a6e40492e3,SI,,SI,,SI,,SI,,SI,,"144f9dbb-6ebf-453f-8d13-d4b30e47372f,c72d3046-4ec4-4c3a-952b-7227ce2b41bc,6da6f831-0269-4be5-b4ae-121a134a2632,b317440a-40f6-430a-87ba-41ffb75d3916",",,,",https://web.fulcrumapp.com/photos/view?photos=144f9dbb-6ebf-453f-8d13-d4b30e47372f%2Cc72d3046-4ec4-4c3a-952b-7227ce2b41bc%2C6da6f831-0269-4be5-b4ae-121a134a2632%2Cb317440a-40f6-430a-87ba-41ffb75d3916,,APROBADO,,cadc3a29-25a8-4dc1-af2e-925ab17bc899,,https://web.fulcrumapp.com/photos/view?photos=cadc3a29-25a8-4dc1-af2e-925ab17bc899,Adrián Vicente,d29f48d4-d40b-48f9-add2-826826530e5f,2021-11-26T12:10:46Z,https://web.fulcrumapp.com/signatures/view?signatures=d29f48d4-d40b-48f9-add2-826826530e5f,,7857cbe6-37de-4b00-9d0f-c1987e9446d7,2021-11-26T12:10:22Z,https://web.fulcrumapp.com/signatures/view?signatures=7857cbe6-37de-4b00-9d0f-c1987e9446d7,,3b08e314-7522-4778-810d-703020b749cd,2021-11-26T12:10:29Z,https://web.fulcrumapp.com/signatures/view?signatures=3b08e314-7522-4778-810d-703020b749cd,,,,,,,,,,
a16ba3c9-9dec-4772-9b55-2730682f60be,2021-11-26 11:08:04 UTC,2022-01-19 15:46:18 UTC,zbarcenilla@alaudaingenieria.es,zbarcenilla@alaudaingenieria.es,2021-11-26 11:57:42 UTC,2022-01-19 15:49:16 UTC,3,,,,,,POINT (0.0 0.0),Decodificador de Video HD y SD,2021-11-26,V01,PROTOCOLO PRUEBA FAT,ATC_FAT_CPD_014_V01,CCCMAW14,Nivel 3 → Hardware control sistemas,Decodificador de vídeo HD y SD,BOSCH VIDEOJET 7000 VJD-7513 ,2.3.2.5 ,piGC23205,404571517728120022,00:07:5F:D1:0C:F1,10.3.0.67,F1009040,9.51.0072,85ad24fb-c130-4881-acd8-a2b8c310b0ac,,https://web.fulcrumapp.com/photos/view?photos=85ad24fb-c130-4881-acd8-a2b8c310b0ac,SI,,SI,,SI,,SI,,SI,,"ca00db91-e9fb-4035-b0b4-c5cfbd28baa5,1f6754c2-8f62-4491-bc3b-ab4b734afc9d,825b9406-aeb6-4f13-9c94-73901449e51a",",,",https://web.fulcrumapp.com/photos/view?photos=ca00db91-e9fb-4035-b0b4-c5cfbd28baa5%2C1f6754c2-8f62-4491-bc3b-ab4b734afc9d%2C825b9406-aeb6-4f13-9c94-73901449e51a,,APROBADO,,9cfaab05-3d4f-4b6b-bc21-38d1d41b8901,,https://web.fulcrumapp.com/photos/view?photos=9cfaab05-3d4f-4b6b-bc21-38d1d41b8901,Adrián Vicente,ddba75f8-4981-403f-a46a-bdd89ae35a24,2021-11-26T12:22:17Z,https://web.fulcrumapp.com/signatures/view?signatures=ddba75f8-4981-403f-a46a-bdd89ae35a24,,932b6820-efe7-4ea6-b848-83e79394dfbb,2021-11-26T12:16:52Z,https://web.fulcrumapp.com/signatures/view?signatures=932b6820-efe7-4ea6-b848-83e79394dfbb,,14c5a7f8-345a-418d-be20-8c6230bba754,2021-11-26T12:17:07Z,https://web.fulcrumapp.com/signatures/view?signatures=14c5a7f8-345a-418d-be20-8c6230bba754,,,,,,,,,,
f4f81b57-c981-4418-a910-a67dff4f0c26,2021-11-26 11:09:39 UTC,2022-01-19 15:46:25 UTC,zbarcenilla@alaudaingenieria.es,zbarcenilla@alaudaingenieria.es,2021-11-26 11:57:42 UTC,2022-01-19 15:49:16 UTC,3,,,,,,POINT (0.0 0.0),Decodificador de Video HD y SD,2021-11-26,V01,PROTOCOLO PRUEBA FAT,ATC_FAT_CPD_015_V01,CCCMAW15,Nivel 3 → Hardware control sistemas,Decodificador de vídeo HD y SD,BOSCH VIDEOJET 7000 VJD-7513 ,2.3.2.5 ,piGC23205,404571517724120062,00:07:5F:D1:0D:11,10.3.0.68,F1009040,9.51.0072,5e1e30dd-ed74-4192-b0aa-94e6379d6bb7,,https://web.fulcrumapp.com/photos/view?photos=5e1e30dd-ed74-4192-b0aa-94e6379d6bb7,SI,,SI,,SI,,SI,,SI,,"856fcfb2-8563-4d75-9f44-032841dbd494,00f62e35-342d-4468-96a3-7df9f4528d3e,82112406-e266-47cd-abcf-3996377071a5",",,",https://web.fulcrumapp.com/photos/view?photos=856fcfb2-8563-4d75-9f44-032841dbd494%2C00f62e35-342d-4468-96a3-7df9f4528d3e%2C82112406-e266-47cd-abcf-3996377071a5,,APROBADO,,5e5731f8-319a-4cfd-867c-b893f52366b5,,https://web.fulcrumapp.com/photos/view?photos=5e5731f8-319a-4cfd-867c-b893f52366b5,Adrián Vicente,25e2f6ed-143c-4372-a1fc-e3398c251547,2021-11-26T12:50:11Z,https://web.fulcrumapp.com/signatures/view?signatures=25e2f6ed-143c-4372-a1fc-e3398c251547,,ad585437-71b2-4cd5-92b5-4a148593ba67,2021-11-26T12:48:09Z,https://web.fulcrumapp.com/signatures/view?signatures=ad585437-71b2-4cd5-92b5-4a148593ba67,,0e5d6a4c-b697-4641-af81-7c106f04b507,2021-11-26T12:50:19Z,https://web.fulcrumapp.com/signatures/view?signatures=0e5d6a4c-b697-4641-af81-7c106f04b507,,,,,,,,,,
86027122-2933-40db-9c88-4f8c10b08632,2021-11-26 11:12:13 UTC,2022-01-19 15:46:38 UTC,zbarcenilla@alaudaingenieria.es,zbarcenilla@alaudaingenieria.es,2021-11-26 11:57:43 UTC,2022-01-19 15:49:17 UTC,3,,,,,,POINT (0.0 0.0),Decodificador de Video HD y SD,2021-11-26,V01,PROTOCOLO PRUEBA FAT,ATC_FAT_CPD_016_V01,CCCMAW16,Nivel 3 → Hardware control sistemas,Decodificador de vídeo HD y SD,BOSCH VIDEOJET 7000 VJD-7513 ,2.3.2.5 ,piGC23205,404571517728120028,00:07:5F:C9:07:4C,10.3.0.69,F1009040,9 51.0072,bc52b6d9-e481-4e40-be13-e043cf0b38cb,,https://web.fulcrumapp.com/photos/view?photos=bc52b6d9-e481-4e40-be13-e043cf0b38cb,SI,,SI,,SI,,SI,,SI,,"d03468e3-1511-4f42-afcd-4dc1afc64312,0b7f6c1a-b059-4ecf-899d-fc1585ac0c92,3eeceaad-d00f-4f89-83ef-3714c87fd608",",,",https://web.fulcrumapp.com/photos/view?photos=d03468e3-1511-4f42-afcd-4dc1afc64312%2C0b7f6c1a-b059-4ecf-899d-fc1585ac0c92%2C3eeceaad-d00f-4f89-83ef-3714c87fd608,,APROBADO,,7af6f1cf-7d96-488c-bf01-34230878b8a5,,https://web.fulcrumapp.com/photos/view?photos=7af6f1cf-7d96-488c-bf01-34230878b8a5,Adrián Vicente,20b376eb-5262-47dc-8a96-59f5ed164abd,2021-11-26T12:55:03Z,https://web.fulcrumapp.com/signatures/view?signatures=20b376eb-5262-47dc-8a96-59f5ed164abd,,618d033e-e07a-46e1-be29-ea13f293b673,2021-11-26T12:54:50Z,https://web.fulcrumapp.com/signatures/view?signatures=618d033e-e07a-46e1-be29-ea13f293b673,,077ee4ed-c994-42dc-985f-074c3b7a777f,2021-11-26T12:54:57Z,https://web.fulcrumapp.com/signatures/view?signatures=077ee4ed-c994-42dc-985f-074c3b7a777f,,,,,,,,,,
e55d8854-6d8d-48e8-b406-d0fd0112c80d,2021-11-26 11:14:04 UTC,2022-01-19 15:46:44 UTC,zbarcenilla@alaudaingenieria.es,zbarcenilla@alaudaingenieria.es,2021-11-26 11:57:44 UTC,2022-01-19 15:49:18 UTC,3,,,,,,POINT (0.0 0.0),Decodificador de Video HD y SD,2021-11-26,V01,PROTOCOLO PRUEBA FAT,ATC_FAT_CPD_017_V01,CCCMAW17,Nivel 3 → Hardware control sistemas,Decodificador de vídeo HD y SD,BOSCH VIDEOJET 7000 VJD-7513 ,2.3.2.5 ,piGC23205,404571517728120039,00:07:5F:C9:08:5B,10.3.0.70,F1009040,9.51.0072,fe7a2dbb-6193-4ebf-9557-5096be0d53aa,,https://web.fulcrumapp.com/photos/view?photos=fe7a2dbb-6193-4ebf-9557-5096be0d53aa,SI,,SI,,SI,,SI,,SI,,"6907244d-51aa-4388-b0a3-e8239470c397,7345fe9d-64c4-415a-99c1-eb465bd28a3e,ce0c9dad-9656-4022-8655-081a93f90366,b0c098f4-853c-468d-9b9d-b8d3057c19d2",",,,",https://web.fulcrumapp.com/photos/view?photos=6907244d-51aa-4388-b0a3-e8239470c397%2C7345fe9d-64c4-415a-99c1-eb465bd28a3e%2Cce0c9dad-9656-4022-8655-081a93f90366%2Cb0c098f4-853c-468d-9b9d-b8d3057c19d2,,APROBADO,,1358e245-5e41-48fa-91ef-d0bf4114c44a,,https://web.fulcrumapp.com/photos/view?photos=1358e245-5e41-48fa-91ef-d0bf4114c44a,Adrián Vicente,75e9936a-714a-40ac-9f22-b723923369db,2021-11-26T12:59:00Z,https://web.fulcrumapp.com/signatures/view?signatures=75e9936a-714a-40ac-9f22-b723923369db,,5c26d869-f1fc-44b0-a26c-1cddfb6e702d,2021-11-26T12:58:40Z,https://web.fulcrumapp.com/signatures/view?signatures=5c26d869-f1fc-44b0-a26c-1cddfb6e702d,,1d0c5c3b-66a3-42fd-a5ca-231e07108f62,2021-11-26T12:58:47Z,https://web.fulcrumapp.com/signatures/view?signatures=1d0c5c3b-66a3-42fd-a5ca-231e07108f62,,,,,,,,,,
c4302314-64b8-47a3-8a9f-df6e782dea4e,2021-11-26 11:15:25 UTC,2022-01-19 15:46:51 UTC,zbarcenilla@alaudaingenieria.es,zbarcenilla@alaudaingenieria.es,2021-11-26 11:57:44 UTC,2022-01-19 15:49:18 UTC,3,,,,,,POINT (0.0 0.0),Decodificador de Video HD y SD,2021-11-26,V01,PROTOCOLO PRUEBA FAT,ATC_FAT_CPD_018_V01,CCCMAW18,Nivel 3 → Hardware control sistemas,Decodificador de vídeo HD y SD,BOSCH VIDEOJET 7000 VJD-7513 ,2.3.2.5 ,piGC23205,404571517728120043,00:07:5F:D1:0B:E1,10.3.0.71,F1009040,9.51.0072,19719f9f-0c53-4f6e-a867-530c1640503b,,https://web.fulcrumapp.com/photos/view?photos=19719f9f-0c53-4f6e-a867-530c1640503b,SI,,SI,,SI,,SI,,SI,,"05ce839a-e01c-4e3e-b8df-01f59995b50d,2d62d785-3360-40c5-b5b9-05c6a5d5fc3f,298f56a9-8f3e-4a3f-b3fc-94cd083b7bac,f12a65d1-82c7-43cc-b439-4844821a28c3",",,,",https://web.fulcrumapp.com/photos/view?photos=05ce839a-e01c-4e3e-b8df-01f59995b50d%2C2d62d785-3360-40c5-b5b9-05c6a5d5fc3f%2C298f56a9-8f3e-4a3f-b3fc-94cd083b7bac%2Cf12a65d1-82c7-43cc-b439-4844821a28c3,,APROBADO,,5134fad0-fa3f-41e1-a5ee-09a1ff7297aa,,https://web.fulcrumapp.com/photos/view?photos=5134fad0-fa3f-41e1-a5ee-09a1ff7297aa,Adrián Vicente,a5b68d4a-63c3-4c17-897a-67552a40c828,2021-11-26T13:02:31Z,https://web.fulcrumapp.com/signatures/view?signatures=a5b68d4a-63c3-4c17-897a-67552a40c828,,e0180f7e-3b35-487d-9a9b-2978049215ed,2021-11-26T13:02:10Z,https://web.fulcrumapp.com/signatures/view?signatures=e0180f7e-3b35-487d-9a9b-2978049215ed,,0491ebd3-31e1-4bff-86e3-5aa4ef9097c0,2021-11-26T13:02:18Z,https://web.fulcrumapp.com/signatures/view?signatures=0491ebd3-31e1-4bff-86e3-5aa4ef9097c0,,,,,,,,,,
cd90756a-b561-4b70-bed9-c946298a7f0e,2021-11-30 09:34:01 UTC,2022-01-19 15:47:22 UTC,zbarcenilla@alaudaingenieria.es,zbarcenilla@alaudaingenieria.es,2021-11-30 09:37:11 UTC,2022-01-19 15:49:19 UTC,3,,,,,,POINT (0.0 0.0),Decodificador de Video HD y SD,2021-11-29,V02,PROTOCOLO PRUEBA FAT,ATC_FAT_CPD_003_V01,CCCMAW03,Nivel 3 → Hardware control sistemas,Decodificador de vídeo HD y SD,BOSCH VIDEOJET 7000 VJD-7513 ,2.3.2.5 ,piGC23205,404571517727120044,00:07:5F:C9:06:84,10.3.0.49,,,,,,SI,,SI,,SI,,NO,No funciona correctamente,no,No funciona correctamente,,,,,NO APROBADO,Sustitución del elemento,,,,Adrián Vicente,,,,,1af5805d-3bd3-4f97-9ead-d3acee2210bd,2021-11-30T09:36:25Z,https://web.fulcrumapp.com/signatures/view?signatures=1af5805d-3bd3-4f97-9ead-d3acee2210bd,,ece1730b-8a2c-4c11-9c26-57cfd7118dbf,2021-11-30T09:36:44Z,https://web.fulcrumapp.com/signatures/view?signatures=ece1730b-8a2c-4c11-9c26-57cfd7118dbf,,,,,,,,,,
e291c608-a6fe-4c81-8784-a8e63e2a76d4,2022-01-12 15:28:50 UTC,2022-01-19 15:47:44 UTC,zbarcenilla@alaudaingenieria.es,zbarcenilla@alaudaingenieria.es,2022-01-12 15:30:48 UTC,2022-01-19 15:49:19 UTC,3,,,,,,POINT (0.0 0.0),Decodificador de Video HD y SD,2022-01-13,V01,PROTOCOLO PRUEBA FAT,ATC_FAT_CPD_019_V01,CCCRVW01,Nivel 3 → Hardware control sistemas,Decodificador de vídeo HD y SD,BOSCH VIDEOJET 7000 VJD-7513 ,2.3.2.5 ,piGC23205,404571517829120028,00:07:5F:C9:01:90,10.5.0.53,F1009040,9.51.0072,344a1a7b-9a11-413b-973e-cd4c87e09caf,,https://web.fulcrumapp.com/photos/view?photos=344a1a7b-9a11-413b-973e-cd4c87e09caf,SI,,SI,,SI,,SI,,SI,,"34762a54-319b-41e1-bf68-419aadfe83ae,7ad58296-9937-464b-be5b-cd5c324964a6,d3fbdaa6-00c7-4e33-89e8-3ab685b79c2a",",,",https://web.fulcrumapp.com/photos/view?photos=34762a54-319b-41e1-bf68-419aadfe83ae%2C7ad58296-9937-464b-be5b-cd5c324964a6%2Cd3fbdaa6-00c7-4e33-89e8-3ab685b79c2a,,APROBADO,,4182a681-770d-4bed-a177-a0cdc58d529a,,https://web.fulcrumapp.com/photos/view?photos=4182a681-770d-4bed-a177-a0cdc58d529a,Adrian Vicente,0da2db8c-69b1-4131-b5cb-4cde350f9b2f,2022-01-13T09:06:35Z,https://web.fulcrumapp.com/signatures/view?signatures=0da2db8c-69b1-4131-b5cb-4cde350f9b2f,Ángel Losa,f9faad93-b6c6-4d13-ba9a-deaaf8731ea8,2022-01-13T09:06:49Z,https://web.fulcrumapp.com/signatures/view?signatures=f9faad93-b6c6-4d13-ba9a-deaaf8731ea8,Sergio Martín,c324571e-6848-40ce-a561-de8564783789,2022-01-12T15:30:01Z,https://web.fulcrumapp.com/signatures/view?signatures=c324571e-6848-40ce-a561-de8564783789,,,,,,,,,,
92898677-a1f1-432b-9c3e-7ee143ffb808,2022-01-13 09:07:44 UTC,2022-01-19 15:48:06 UTC,zbarcenilla@alaudaingenieria.es,zbarcenilla@alaudaingenieria.es,2022-01-13 10:53:03 UTC,2022-01-19 15:49:20 UTC,2,,,,,,POINT (0.0 0.0),Decodificador de Video HD y SD,2022-01-13,V01,PROTOCOLO PRUEBA FAT,ATC_FAT_CPD_020_V01,CCCRVW02,Nivel 3 → Hardware control sistemas,Decodificador de vídeo HD y SD,BOSCH VIDEOJET 7000 VJD-7513 ,2.3.2.5 ,piGC23205,404571517828120018,00:07:5F:C9:05:DA,10.5.0.54,F1009040,9.51.0072,5e7d5706-6f75-44b7-8353-9493843a4b66,,https://web.fulcrumapp.com/photos/view?photos=5e7d5706-6f75-44b7-8353-9493843a4b66,SI,,SI,,SI,,SI,,SI,,"6dc3d31b-0582-4d19-906e-da3e293f7359,bac9ce02-263a-4b4c-87cb-55eb8d4dd856,480868f5-3f37-4454-8ff7-42820f1bd900",",,",https://web.fulcrumapp.com/photos/view?photos=6dc3d31b-0582-4d19-906e-da3e293f7359%2Cbac9ce02-263a-4b4c-87cb-55eb8d4dd856%2C480868f5-3f37-4454-8ff7-42820f1bd900,,APROBADO,,0f995c4d-13db-4769-b503-7a6a3e8bf184,,https://web.fulcrumapp.com/photos/view?photos=0f995c4d-13db-4769-b503-7a6a3e8bf184,Adrian Vicente,71f94933-f137-484d-9868-d55e1f5af54a,2022-01-13T09:21:12Z,https://web.fulcrumapp.com/signatures/view?signatures=71f94933-f137-484d-9868-d55e1f5af54a,Ángel Losa,1cc43ca6-2ee1-4e6d-8cbe-fd11dbfe439d,2022-01-13T09:12:53Z,https://web.fulcrumapp.com/signatures/view?signatures=1cc43ca6-2ee1-4e6d-8cbe-fd11dbfe439d,Sergio Martín,cf5ebe62-d43c-421e-a177-f9648d1953cf,2022-01-13T09:10:06Z,https://web.fulcrumapp.com/signatures/view?signatures=cf5ebe62-d43c-421e-a177-f9648d1953cf,,,,,,,,,,
1d9cdb2c-7f67-4d32-a19d-af5b96c756ce,2022-01-13 09:21:18 UTC,2022-01-19 15:48:12 UTC,zbarcenilla@alaudaingenieria.es,zbarcenilla@alaudaingenieria.es,2022-01-13 10:53:04 UTC,2022-01-19 15:49:20 UTC,2,,,,,,POINT (0.0 0.0),Decodificador de Video HD y SD,2022-01-13,V01,PROTOCOLO PRUEBA FAT,ATC_FAT_CPD_021_V01,CCCRVW03,Nivel 3 → Hardware control sistemas,Decodificador de vídeo HD y SD,BOSCH VIDEOJET 7000 VJD-7513 ,2.3.2.5 ,piGC23205,404571517905120009,00:07:5F:C9:04:6E,10.5.0.55,F1009040,9.51.0072,c88cdf1a-6e00-4407-983e-ad6e027af2d6,,https://web.fulcrumapp.com/photos/view?photos=c88cdf1a-6e00-4407-983e-ad6e027af2d6,SI,,SI,,SI,,SI,,SI,,"9c013d5d-57cc-4bd1-82dc-be54cb915cf0,33eb4256-e4eb-4205-ba39-07269413a2a9,f1db2463-dcba-4fcb-951e-20c95e80cdde",",,",https://web.fulcrumapp.com/photos/view?photos=9c013d5d-57cc-4bd1-82dc-be54cb915cf0%2C33eb4256-e4eb-4205-ba39-07269413a2a9%2Cf1db2463-dcba-4fcb-951e-20c95e80cdde,,APROBADO,,3831a9d8-6357-4bd7-85d3-1f3d27aa1ec3,,https://web.fulcrumapp.com/photos/view?photos=3831a9d8-6357-4bd7-85d3-1f3d27aa1ec3,Adrian Vicente,dc55d1ec-edc7-44fd-9803-56c4e58337da,2022-01-13T09:38:22Z,https://web.fulcrumapp.com/signatures/view?signatures=dc55d1ec-edc7-44fd-9803-56c4e58337da,Ángel Losa,dfe729e9-3f03-4925-b1dc-b9c6bacd137c,2022-01-13T09:23:29Z,https://web.fulcrumapp.com/signatures/view?signatures=dfe729e9-3f03-4925-b1dc-b9c6bacd137c,Sergio Martín,331703b0-971c-4416-9794-1287bf796333,2022-01-13T09:23:12Z,https://web.fulcrumapp.com/signatures/view?signatures=331703b0-971c-4416-9794-1287bf796333,,,,,,,,,,
a0682d1b-45f5-4698-91f6-6a1842fd7c5a,2022-01-13 09:30:27 UTC,2022-01-19 15:48:21 UTC,zbarcenilla@alaudaingenieria.es,zbarcenilla@alaudaingenieria.es,2022-01-13 10:53:05 UTC,2022-01-19 15:49:21 UTC,2,,,,,,POINT (0.0 0.0),Decodificador de Video HD y SD,2022-01-13,V01,PROTOCOLO PRUEBA FAT,ATC_FAT_CPD_022_V01,CCCRVW04,Nivel 3 → Hardware control sistemas,Decodificador de vídeo HD y SD,BOSCH VIDEOJET 7000 VJD-7513 ,2.3.2.5 ,piGC23205,404571517829120032,00:07:5F:C9:03:DD,10.5.0.56,F1009040,9.51.0072,978d0af5-55cf-4a95-b0f6-2f239d2134ff,,https://web.fulcrumapp.com/photos/view?photos=978d0af5-55cf-4a95-b0f6-2f239d2134ff,SI,,SI,,SI,,SI,,SI,,"76b95a22-d5eb-42db-a0f2-452b9e933996,d6c77744-a5fc-4ad8-8d96-c1ce5971a3c7,305554f7-8a6e-4d3f-b468-808a7cd473f9",",,",https://web.fulcrumapp.com/photos/view?photos=76b95a22-d5eb-42db-a0f2-452b9e933996%2Cd6c77744-a5fc-4ad8-8d96-c1ce5971a3c7%2C305554f7-8a6e-4d3f-b468-808a7cd473f9,,APROBADO,,f745b5b4-86f0-43c2-921c-9427a6949eeb,,https://web.fulcrumapp.com/photos/view?photos=f745b5b4-86f0-43c2-921c-9427a6949eeb,Adrian Vicente,405bd93a-4a38-4012-8089-da9f02a19161,2022-01-13T09:51:18Z,https://web.fulcrumapp.com/signatures/view?signatures=405bd93a-4a38-4012-8089-da9f02a19161,Ángel Losa,7e738cbc-49db-4af1-8add-7946b6850ce1,2022-01-13T09:46:14Z,https://web.fulcrumapp.com/signatures/view?signatures=7e738cbc-49db-4af1-8add-7946b6850ce1,Sergio Martín,630ca234-f283-4c51-991a-d8339c5af3cd,2022-01-13T09:31:35Z,https://web.fulcrumapp.com/signatures/view?signatures=630ca234-f283-4c51-991a-d8339c5af3cd,,,,,,,,,,
c74bc080-acec-4281-a214-c0ffa42c14e4,2022-01-13 09:32:35 UTC,2022-01-19 15:48:27 UTC,zbarcenilla@alaudaingenieria.es,zbarcenilla@alaudaingenieria.es,2022-01-13 10:53:06 UTC,2022-01-19 15:49:21 UTC,2,,,,,,POINT (0.0 0.0),Decodificador de Video HD y SD,2022-01-13,V01,PROTOCOLO PRUEBA FAT,ATC_FAT_CPD_023_V01,CCCRVW05,Nivel 3 → Hardware control sistemas,Decodificador de vídeo HD y SD,BOSCH VIDEOJET 7000 VJD-7513 ,2.3.2.5 ,piGC23205,404571517909120032,00:07:5F:C9:04:AE,10.5.0.57,F1009040,9.51.0072,20250f85-84be-454f-965f-7ca7a313b1fd,,https://web.fulcrumapp.com/photos/view?photos=20250f85-84be-454f-965f-7ca7a313b1fd,SI,,SI,,SI,,SI,,SI,,"df595734-5514-4e11-b5d4-0eb2de9b879a,98d26605-9958-4f55-8106-3a966aa2d0e6,90afbeba-9fdf-4bf5-8ef6-66ef759e48cb",",,",https://web.fulcrumapp.com/photos/view?photos=df595734-5514-4e11-b5d4-0eb2de9b879a%2C98d26605-9958-4f55-8106-3a966aa2d0e6%2C90afbeba-9fdf-4bf5-8ef6-66ef759e48cb,,APROBADO,,52a245d2-92e4-4b09-abfd-aafaa4f6bcd9,,https://web.fulcrumapp.com/photos/view?photos=52a245d2-92e4-4b09-abfd-aafaa4f6bcd9,Adrian Vicente,408f9d35-9bd5-48c0-b0d3-65ec71907073,2022-01-13T09:57:34Z,https://web.fulcrumapp.com/signatures/view?signatures=408f9d35-9bd5-48c0-b0d3-65ec71907073,Ángel Losa,6decc66b-aed7-4369-ac2e-c74673532ea5,2022-01-13T09:54:36Z,https://web.fulcrumapp.com/signatures/view?signatures=6decc66b-aed7-4369-ac2e-c74673532ea5,Sergio Martín,e975760a-9938-4e3b-ab92-c88c4d7dca15,2022-01-13T09:33:53Z,https://web.fulcrumapp.com/signatures/view?signatures=e975760a-9938-4e3b-ab92-c88c4d7dca15,,,,,,,,,,
b5c0668d-04ee-426d-ab35-61df60794b79,2022-01-13 09:34:06 UTC,2022-01-19 15:49:03 UTC,zbarcenilla@alaudaingenieria.es,zbarcenilla@alaudaingenieria.es,2022-01-13 10:53:07 UTC,2022-01-19 15:49:22 UTC,4,,,,,,POINT (0.0 0.0),Decodificador de Video HD y SD,2022-01-13,V01,PROTOCOLO PRUEBA FAT,ATC_FAT_CPD_024_V01,CCCRVW06,Nivel 3 → Hardware control sistemas,Decodificador de vídeo HD y SD,BOSCH VIDEOJET 7000 VJD-7513 ,2.3.2.5 ,piGC23205,404571517905120031,00:07:5F:C9:01:21,10.5.0.58,F1009040,9.51.0072,4b5a8d3c-2bb1-451f-b854-9f3f85820641,,https://web.fulcrumapp.com/photos/view?photos=4b5a8d3c-2bb1-451f-b854-9f3f85820641,SI,,SI,,SI,,SI,,SI,,"08757e49-0637-4a47-8353-e332cef2cfaf,ba33d602-20c8-453a-8d1b-f2e95665b884,05b5791e-a532-4bf0-b101-f4952424e874",",,",https://web.fulcrumapp.com/photos/view?photos=08757e49-0637-4a47-8353-e332cef2cfaf%2Cba33d602-20c8-453a-8d1b-f2e95665b884%2C05b5791e-a532-4bf0-b101-f4952424e874,,APROBADO,,fbe3f115-6b90-4584-a9ed-fbe24bab9081,,https://web.fulcrumapp.com/photos/view?photos=fbe3f115-6b90-4584-a9ed-fbe24bab9081,Adrian Vicente,c9bc6ad9-7611-4dc4-87ab-061bb7dd587c,2022-01-13T10:02:36Z,https://web.fulcrumapp.com/signatures/view?signatures=c9bc6ad9-7611-4dc4-87ab-061bb7dd587c,Ángel Losa,8689ef26-4784-4ec0-a367-72fec9d92517,2022-01-13T10:02:15Z,https://web.fulcrumapp.com/signatures/view?signatures=8689ef26-4784-4ec0-a367-72fec9d92517,Sergio Martín,307d1144-c44b-4b81-8252-7c3908902f8b,2022-01-13T09:39:13Z,https://web.fulcrumapp.com/signatures/view?signatures=307d1144-c44b-4b81-8252-7c3908902f8b,,,,,,,,,,
04c533ef-db5c-45ef-b890-41c20776c62e,2022-01-13 09:39:25 UTC,2022-01-19 15:48:34 UTC,zbarcenilla@alaudaingenieria.es,zbarcenilla@alaudaingenieria.es,2022-01-13 10:53:07 UTC,2022-01-19 15:49:22 UTC,2,,,,,,POINT (0.0 0.0),Decodificador de Video HD y SD,2022-01-13,V01,PROTOCOLO PRUEBA FAT,ATC_FAT_CPD_025_V01,CCCRVW07,Nivel 3 → Hardware control sistemas,Decodificador de vídeo HD y SD,BOSCH VIDEOJET 7000 VJD-7513 ,2.3.2.5 ,piGC23205,404571517828120019,00:07:5F:C9:03:B0,10.5.0.59,F1009040,9.51.0072,3ffa0bac-47be-4b43-8097-23fa5250b51d,,https://web.fulcrumapp.com/photos/view?photos=3ffa0bac-47be-4b43-8097-23fa5250b51d,SI,,SI,,SI,,SI,,SI,,"4b87f746-ceda-4328-9878-eae91d6f7381,6b5af971-c2b3-42e5-9c64-efa505220bdb,898de63d-7a20-4c11-88c5-35aa22d2063c",",,",https://web.fulcrumapp.com/photos/view?photos=4b87f746-ceda-4328-9878-eae91d6f7381%2C6b5af971-c2b3-42e5-9c64-efa505220bdb%2C898de63d-7a20-4c11-88c5-35aa22d2063c,,APROBADO,,c7031599-a32b-4088-81ac-19761b8f74a6,,https://web.fulcrumapp.com/photos/view?photos=c7031599-a32b-4088-81ac-19761b8f74a6,Adrian Vicente,9ca48dad-7a2a-45a9-b8ac-4749f168c380,2022-01-13T10:10:25Z,https://web.fulcrumapp.com/signatures/view?signatures=9ca48dad-7a2a-45a9-b8ac-4749f168c380,Ángel Losa,20b8d17e-74ce-41d0-acf4-98221e9ca9f8,2022-01-13T10:08:38Z,https://web.fulcrumapp.com/signatures/view?signatures=20b8d17e-74ce-41d0-acf4-98221e9ca9f8,Sergio Martín,7e9e391d-d901-4abc-bb47-40cb54a14702,2022-01-13T09:41:04Z,https://web.fulcrumapp.com/signatures/view?signatures=7e9e391d-d901-4abc-bb47-40cb54a14702,,,,,,,,,,
4540c6f6-9111-49d6-b9df-d98b7e07634f,2022-01-13 09:41:10 UTC,2022-01-19 15:48:41 UTC,zbarcenilla@alaudaingenieria.es,zbarcenilla@alaudaingenieria.es,2022-01-13 10:53:08 UTC,2022-01-19 15:49:23 UTC,2,,,,,,POINT (0.0 0.0),Decodificador de Video HD y SD,2022-01-13,V01,PROTOCOLO PRUEBA FAT,ATC_FAT_CPD_026_V01,CCCRVW08,Nivel 3 → Hardware control sistemas,Decodificador de vídeo HD y SD,BOSCH VIDEOJET 7000 VJD-7513 ,2.3.2.5 ,piGC23205,404571517902120016,00:07:5F:C9:05:30,10.5.0.60,F1009040,9.51.0072,c6ed08d6-a55e-4598-9f2d-884cc94fe018,,https://web.fulcrumapp.com/photos/view?photos=c6ed08d6-a55e-4598-9f2d-884cc94fe018,SI,,SI,,SI,,SI,,SI,,"75e8b10b-dd2c-4dd1-9843-8f1a34119a92,fd7ea7d3-57c7-4f7b-ac97-15f03261eb8b,033fb56b-a23b-4f77-8558-9204a157c3ab",",,",https://web.fulcrumapp.com/photos/view?photos=75e8b10b-dd2c-4dd1-9843-8f1a34119a92%2Cfd7ea7d3-57c7-4f7b-ac97-15f03261eb8b%2C033fb56b-a23b-4f77-8558-9204a157c3ab,,APROBADO,,137e4643-944c-4fe3-b975-92f139df8282,,https://web.fulcrumapp.com/photos/view?photos=137e4643-944c-4fe3-b975-92f139df8282,Adrian Vicente,0fc0d298-9e20-4f68-94c6-25691f7c5670,2022-01-13T10:20:09Z,https://web.fulcrumapp.com/signatures/view?signatures=0fc0d298-9e20-4f68-94c6-25691f7c5670,Ángel Losa,52f62673-7c6c-4f70-ab65-42478d8d0df9,2022-01-13T10:16:44Z,https://web.fulcrumapp.com/signatures/view?signatures=52f62673-7c6c-4f70-ab65-42478d8d0df9,Sergio Martín,18ef5a6e-1780-4421-a156-7111f82543a1,2022-01-13T09:42:34Z,https://web.fulcrumapp.com/signatures/view?signatures=18ef5a6e-1780-4421-a156-7111f82543a1,,,,,,,,,,
964900c9-31e1-49fc-a0d6-405509a196f3,2022-01-13 09:42:48 UTC,2022-01-19 15:48:48 UTC,zbarcenilla@alaudaingenieria.es,zbarcenilla@alaudaingenieria.es,2022-01-13 10:53:09 UTC,2022-01-19 15:49:24 UTC,2,,,,,,POINT (0.0 0.0),Decodificador de Video HD y SD,2022-01-13,V01,PROTOCOLO PRUEBA FAT,ATC_FAT_CPD_027_V01,CCCRVW09,Nivel 3 → Hardware control sistemas,Decodificador de vídeo HD y SD,BOSCH VIDEOJET 7000 VJD-7513 ,2.3.2.5 ,piGC23205,404571517909120038,00:07:5F:C9:06:AD,10.5.0.61,F1009040,9.51.0072,c6e13793-209f-494e-9c02-38205dacaf84,,https://web.fulcrumapp.com/photos/view?photos=c6e13793-209f-494e-9c02-38205dacaf84,SI,,SI,,SI,,SI,,SI,,"cde74ce6-51d5-4f85-870d-a1f06903381c,90392432-7a37-4238-aaca-906dadabb0a4,b3232d62-ee7d-4991-ac7c-5dbf61b69199",",,",https://web.fulcrumapp.com/photos/view?photos=cde74ce6-51d5-4f85-870d-a1f06903381c%2C90392432-7a37-4238-aaca-906dadabb0a4%2Cb3232d62-ee7d-4991-ac7c-5dbf61b69199,,APROBADO,,ec628f9e-140d-4239-bd4b-04e212ef00a7,,https://web.fulcrumapp.com/photos/view?photos=ec628f9e-140d-4239-bd4b-04e212ef00a7,Adrian Vicente,970aba79-6b09-4ae8-80ed-66e2946bed3b,2022-01-13T10:28:33Z,https://web.fulcrumapp.com/signatures/view?signatures=970aba79-6b09-4ae8-80ed-66e2946bed3b,Ángel Losa,db1a41a1-e3b6-4d08-a2b7-b039b6336f1c,2022-01-13T10:26:07Z,https://web.fulcrumapp.com/signatures/view?signatures=db1a41a1-e3b6-4d08-a2b7-b039b6336f1c,Sergio Martín,c15aa714-529d-4177-a8e8-6b20ce2b2ae4,2022-01-13T10:26:00Z,https://web.fulcrumapp.com/signatures/view?signatures=c15aa714-529d-4177-a8e8-6b20ce2b2ae4,,,,,,,,,,
ac546300-fbd8-44b8-83bd-ec37d40a01ce,2022-01-13 09:57:58 UTC,2022-01-19 15:48:55 UTC,zbarcenilla@alaudaingenieria.es,zbarcenilla@alaudaingenieria.es,2022-01-13 10:53:10 UTC,2022-01-19 15:49:24 UTC,2,,,,,,POINT (0.0 0.0),Decodificador de Video HD y SD,2022-01-13,V01,PROTOCOLO PRUEBA FAT,ATC_FAT_CPD_028_V01,CCCRVW10,Nivel 3 → Hardware control sistemas,Decodificador de vídeo HD y SD,BOSCH VIDEOJET 7000 VJD-7513 ,2.3.2.5 ,piGC23205,404571517825120038,00:07:5F:C9:08:15,10.5.0.62,F1009040,9.51.0072,71c72923-5255-4543-8d07-a50a5660f1c2,,https://web.fulcrumapp.com/photos/view?photos=71c72923-5255-4543-8d07-a50a5660f1c2,SI,,SI,,SI,,SI,,SI,,"14a5525a-8a59-48c9-8263-45ca64726375,88bfd4c1-df34-4d0f-ac9e-202398b1e9d1,55fb7442-9171-4098-9f81-daf748ce06ab",",,",https://web.fulcrumapp.com/photos/view?photos=14a5525a-8a59-48c9-8263-45ca64726375%2C88bfd4c1-df34-4d0f-ac9e-202398b1e9d1%2C55fb7442-9171-4098-9f81-daf748ce06ab,"Se ha tenido que reiniciar con BIOS, en un principio funciona, posible que un Jumper este malfuncionando, se salta el aviso del Jumper",APROBADO,,a5f8fb34-0db8-4406-b469-0e99621067bd,,https://web.fulcrumapp.com/photos/view?photos=a5f8fb34-0db8-4406-b469-0e99621067bd,Adrian Vicente,149e3c50-1800-4d58-a0eb-a0c5dddf975d,2022-01-13T10:45:18Z,https://web.fulcrumapp.com/signatures/view?signatures=149e3c50-1800-4d58-a0eb-a0c5dddf975d,Ángel Losa,823874d4-e342-4aab-a5de-cb8ed88ebf09,2022-01-13T10:33:17Z,https://web.fulcrumapp.com/signatures/view?signatures=823874d4-e342-4aab-a5de-cb8ed88ebf09,Sergio Martín,87f60e65-9441-4f7d-9d4c-27bd3c02d63a,2022-01-13T09:59:24Z,https://web.fulcrumapp.com/signatures/view?signatures=87f60e65-9441-4f7d-9d4c-27bd3c02d63a,,,,,,,,,,
